epoch,train_loss,val_loss,learning_rate
1,0.11059263588387519,0.10013149124830961,9.5e-05
2,0.09719388838872313,0.09819770922940224,9.025e-05
3,0.09580812452893704,0.09714406364113093,8.573749999999999e-05
