epoch,train_loss,val_loss,learning_rate
1,0.13120934609543533,0.4640742103993893,9.5e-05
2,0.10051705751203001,0.5640982165008783,9.025e-05
3,0.09823992690719664,0.5788720175713301,8.573749999999999e-05
