epoch,train_loss,train_metric,val_loss,val_metric,learning_rate
1,1.087108724631667,0.60434168,1.01853850543797,0.6321314,0.001
2,0.8988619958871603,0.67702864,0.9618973426818848,0.6514662,0.001
3,0.8737430089068413,0.68696604,0.8940115533053875,0.677865,0.001
4,0.862143876670599,0.69155408,0.8553763830214739,0.6937042,0.000215967833522176
5,0.8458396947604417,0.69788044,0.8582060697168111,0.692198,1.0073194392872774e-05
