epoch,train_loss,val_loss,learning_rate
1,0.163492204233706,0.0995435015782714,0.00095
2,0.0984845721694082,0.09605073631703853,0.0009025
3,0.09751107297249138,0.09565042118690908,0.000857375
4,0.09692477927558124,0.09575023719146848,0.0008145062499999999
5,0.09652055549502372,0.09568479120843112,0.0007737809374999998
